                  epoch,         train/box_loss,         train/cls_loss,         train/dfl_loss,   metrics/precision(B),      metrics/recall(B),       metrics/mAP50(B),    metrics/mAP50-95(B),           val/box_loss,           val/cls_loss,           val/dfl_loss,                 lr/pg0,                 lr/pg1,                 lr/pg2
                      1,                0.47375,                0.41896,                 1.0414,                0.91444,                0.96404,                0.96526,                0.84293,                0.55757,                0.44982,                 1.1764,             0.00040816,             0.00040816,             0.00040816
                      2,                0.47322,                0.42532,                 1.0328,                0.93922,                0.94247,                0.96742,                0.82071,                0.68832,                0.50455,                 1.2719,             0.00081666,             0.00081666,             0.00081666
                      3,                0.50423,                0.45697,                 1.0617,                0.91896,                0.87348,                0.94094,                 0.7461,                0.76489,                0.67816,                 1.3557,              0.0012169,              0.0012169,              0.0012169
                      4,                0.54797,                0.50492,                 1.0861,                0.87542,                 0.9526,                0.95423,                0.80448,                0.70166,                0.56569,                 1.2559,              0.0012129,              0.0012129,              0.0012129
